precision,recall,f1
0.9666666666666667,0.46325878594249204,0.6263498920086393
