{
  "total_lines": 104815,
  "unique_templates": 19,
  "anomaly_rate": 0.031207365358011736,
  "metrics": {
    "precision": 0.9666666666666667,
    "recall": 0.46325878594249204,
    "f1": 0.6263498920086393
  }
}