method,precision,recall,f1,true_positives,false_alarms,missed_anomalies
IQR,0.1545171339563863,0.10934744268077601,0.12806609863155177,248,1357,2020
EWMA,0.18288590604026847,0.04805996472663139,0.07611731843575419,109,487,2159
LogZ,0.10946745562130178,0.04894179894179894,0.06764168190127971,111,903,2157
IF,0.5970017636684304,0.2985008818342152,0.39800117577895355,677,457,1591
ensemble_majority,0.14778761061946902,0.0736331569664903,0.09829311359623308,167,963,2101
