detector,contamination,precision,recall,f1,true_positives,false_alarms,missed_anomalies
Rolling IQR,,0.1545171339563863,0.10934744268077601,0.12806609863155177,248,1357,2020
EWMA,,0.18288590604026847,0.04805996472663139,0.07611731843575419,109,487,2159
Log+3sigma,,0.10946745562130178,0.04894179894179894,0.06764168190127971,111,903,2157
Isolation Forest,0.05,0.5970017636684304,0.2985008818342152,0.39800117577895355,677,457,1591
