detector,contamination,precision,recall,f1,true_positives,false_alarms,missed_anomalies
Isolation Forest,0.01,0.8370044052863436,0.0837742504409171,0.1523046092184369,190,37,2078
Isolation Forest,0.02,0.8722466960352423,0.1746031746031746,0.2909625275532697,396,58,1872
Isolation Forest,0.05,0.5970017636684304,0.2985008818342152,0.39800117577895355,677,457,1591
